code	uic	naam	middel_naam	korte_naam	rdt_url	type	geo_lat	geo_lng
ac	8400047	Abcoude	Abcoude	Abcoude	abcoude	stoptreinstation	52.2785	4977
ah	8400071	Arnhem	Arnhem	Arnhem	arnhem	knooppuntintercitystation	51985	5.8991666
ahp	8400072	Arnhem Velperpoort	Velperpoort	Velperprt	arnhem-velperpoort	stoptreinstation	51.98528	5.9194446
ahpr	8400075	Arnhem Presikhaaf	Presikhaaf	Presikhaaf	arnhem-presikhaaf	stoptreinstation	51.988056	5.9438887
ahz	8400227	Arnhem Zuid	Arnhem Zuid	Arnhem Z	arnhem-zuid	stoptreinstation	51955	5.8519444
akl	8400068	Arkel	Arkel	Arkel	arkel	stoptreinstation	51.871944	4.992778
akm	8400049	Akkrum	Akkrum	Akkrum	akkrum	stoptreinstation	53.04639	5.8436112
alm	8400080	Almere Centrum	Almere C.	Almere C	almere-centrum	knooppuntintercitystation	52.37503	5.21764
almb	8400081	Almere Buiten	Almere Buiten	Buiten	almere-buiten	stoptreinstation	52.394165	5.2780557
almm	8400082	Almere Muziekwijk	Muziekwijk	Muziekwijk	almere-muziekwijk	stoptreinstation	52.3675	5.1902776
almo	8400226	Almere Oostvaarders	Oostvaarders	Oostvaard	almere-oostvaarders	stoptreinstation	52.40333	5.3005557
almp	8400104	Almere Parkwijk	Parkwijk	Parkwijk	almere-parkwijk	stoptreinstation	52.376667	5.2447224
amf	8400055	Amersfoort	Amersfoort	Amersfoort	amersfoort	knooppuntintercitystation	52.15389	5.3705554
amfs	8400054	Amersfoort Schothorst	Schothorst	Schothorst	amersfoort-schothorst	stoptreinstation	52.174824	5.4038887
aml	8400051	Almelo	Almelo	Almelo	almelo	knooppuntintercitystation	52.358055	6.6538887
amr	8400050	Alkmaar	Alkmaar	Alkmaar	alkmaar	knooppuntintercitystation	52.63778	4.7397223
amri	8400520	Almelo de Riet	Almelo de Riet	de Riet	almelo-de-riet	stoptreinstation	52.341946	6.6666665
amrn	8400052	Alkmaar Noord	Alkmaar Noord	Alkmaar N	alkmaar-noord	stoptreinstation	52.64389	4.764167
ana	8400065	Anna Paulowna	Anna Paulowna	Anna Paulo	anna-paulowna	stoptreinstation	52.86722	4.811111
apd	8400066	Apeldoorn	Apeldoorn	Apeldoorn	apeldoorn	knooppuntintercitystation	52.209167	5.970278
apdm	8400233	Apeldoorn De Maten	De Maten	De Maten	apeldoorn-de-maten	stoptreinstation	52.205276	6.0005555
apdo	8400229	Apeldoorn Osseveld	Osseveld	Osseveld	apeldoorn-osseveld	stoptreinstation	52.21528	6.0044446
apg	8400067	Appingedam	Appingedam	Appingedam	appingedam	stoptreinstation	53.325813	6.8619576
apn	8400053	Alphen a/d Rijn	Alphen a/d Rijn	Alphen	alphen-a-d-rijn	knooppuntintercitystation	52.124443	4.657778
arn	8400069	Arnemuiden	Arnemuiden	Arnemuiden	arnemuiden	stoptreinstation	51.501667	3.6691666
asa	8400057	Amsterdam Amstel	Amstel	Amstel	amsterdam-amstel	intercitystation	52.34667	4.917778
asb	8400074	Amsterdam Bijlmer ArenA	Bijlmer ArenA	Bijlmer A	amsterdam-bijlmer-arena	knooppuntstoptreinstation	52.31222	4.946944
asd	8400058	Amsterdam Centraal	Amsterdam C.	A'dam C	amsterdam-centraal	megastation	52.378887	4.9002776
asdl	8400079	Amsterdam Lelylaan	Lelylaan	Lelylaan	amsterdam-lelylaan	stoptreinstation	52.357777	4.833889
asdm	8400060	Amsterdam Muiderpoort	Muiderpoort	Muiderprt	amsterdam-muiderpoort	stoptreinstation	52.360554	4.9311113
asdz	8400061	Amsterdam Zuid	Amsterdam Zuid	A'dam Z	amsterdam-zuid	intercitystation	52.33889	4.8716664
ashd	8400231	Amsterdam Holendrecht	Holendrecht	Holendrcht	amsterdam-holendrecht	stoptreinstation	52.29844	4.95972
assp	8400235	Amsterdam Science Park	Science Park	Scienceprk	amsterdam-science-park	stoptreinstation	52.35526	4.94651
asn	8400073	Assen	Assen	Assen	assen	knooppuntintercitystation	52.991665	6.570833
ass	8400059	Amsterdam Sloterdijk	Sloterdijk	Sloterdijk	amsterdam-sloterdijk	knooppuntintercitystation	52.38889	4.8377776
atn	8400045	Aalten	Aalten	Aalten	aalten	stoptreinstation	51.921326	6.578627
avat	8400228	Amersfoort Vathorst	Vathorst	Vathorst	amersfoort-vathorst	sneltreinstation	52.19278	5.433889
bd	8400131	Breda	Breda	Breda	breda	knooppuntintercitystation	51.595554	4.78
bde	8400140	Bunde	Bunde	Bunde	bunde	stoptreinstation	50.896946	5.7366667
bdg	8400121	Bodegraven	Bodegraven	Bodegraven	bodegraven	stoptreinstation	52.08139	4.746111
bdm	8400094	Bedum	Bedum	Bedum	bedum	stoptreinstation	53.306885	6.593054
bdpb	8400132	Breda-Prinsenbeek	Prinsenbeek	Prinsenbk	breda-prinsenbeek	stoptreinstation	51.606388	4.7208333
bet	8400112	Best	Best	Best	best	stoptreinstation	51.51	5.389167
bf	8400089	Baflo	Baflo	Baflo	baflo	stoptreinstation	53.360897	6.518558
bgn	8400108	Bergen op Zoom	Bergen op Zoom	Bergen opZ	bergen-op-zoom	stoptreinstation	51.49389	4.296111
bhv	8400114	Bilthoven	Bilthoven	Bilthoven	bilthoven	stoptreinstation	52.13	5.203889
bk	8400096	Beek-Elsloo	Beek-Elsloo	Beek-E	beek-elsloo	stoptreinstation	50.9475	5.786667
bkf	8400230	Bovenkarspel Flora	Flora	Bovenk Flo	bovenkarspel-flora	stoptreinstation	52.69611	5.2527776
bkg	8400127	Bovenkarspel-Grootebroek	Bovenkarspel-Gr.	Bovenk-Gr	bovenkarspel-grootebroek	stoptreinstation	52695	5.2377777
bkl	8400133	Breukelen	Breukelen	Breukelen	breukelen	knooppuntstoptreinstation	52.17149	4.9906
bl	8400100	Beilen	Beilen	Beilen	beilen	stoptreinstation	52.85472	6.521111
bll	8400118	Bloemendaal	Bloemendaal	Bloemendl	bloemendaal	stoptreinstation	52.404167	4.6275
bmn	8400136	Brummen	Brummen	Brummen	brummen	stoptreinstation	52.09111	6.1469445
bmr	8400128	Boxmeer	Boxmeer	Boxmeer	boxmeer	knooppuntstoptreinstation	51.644524	5.939033
bn	8400124	Borne	Borne	Borne	borne	stoptreinstation	52.29889	6.7480555
bnc	8400091	Barneveld Centrum	Barneveld C.	Barnevld C	barneveld-centrum	stoptreinstation	52.14	5.5902777
bnk	8400141	Bunnik	Bunnik	Bunnik	bunnik	stoptreinstation	52.063057	5.1944447
bnn	8400092	Barneveld Noord	Barneveld Noord	Barnevld N	barneveld-noord	stoptreinstation	52.16139	5.5980554
bp	8400139	Buitenpost	Buitenpost	Buitenpost	buitenpost	knooppuntsneltreinstation	53.256454	6.1446495
br	8400117	Blerick	Blerick	Blerick	blerick	stoptreinstation	51.3725	6155
brd	8400090	Barendrecht	Barendrecht	Barendrcht	barendrecht	stoptreinstation	51.85472	4.5533333
brn	8400086	Baarn	Baarn	Baarn	baarn	knooppuntstoptreinstation	52.208332	5.2808332
bsd	8400097	Beesd	Beesd	Beesd	beesd	stoptreinstation	51.899445	5.1944447
bsk	8400125	Boskoop	Boskoop	Boskoop	boskoop	stoptreinstation	52.077778	4.6469445
bsmz	8400145	Bussum Zuid	Bussum Zuid	Bussum Z	bussum-zuid	stoptreinstation	52.265835	5.1630554
btl	8400129	Boxtel	Boxtel	Boxtel	boxtel	knooppuntstoptreinstation	51.58433	5.31912
bv	8400113	Beverwijk	Beverwijk	Beverwijk	beverwijk	intercitystation	52.478333	4.6566668
bzl	8400354	Kapelle-Biezelinge	Kapelle-Biezel.	Kapelle-B	kapelle-biezelinge	stoptreinstation	51.480835	3.9561112
cas	8400151	Castricum	Castricum	Castricum	castricum	intercitystation	52.545834	4.6586113
ck	8400155	Cuijk	Cuijk	Cuijk	cuijk	stoptreinstation	51.72668	5.874295
cl	8400154	Culemborg	Culemborg	Culemborg	culemborg	stoptreinstation	51.946667	5.2269444
co	8400153	Coevorden	Coevorden	Coevorden	coevorden	knooppuntsneltreinstation	52.663612	6.7355556
cps	8400147	Capelle Schollevaar	Schollevaar	Schollevr	capelle-schollevaar	stoptreinstation	51.954166	4.5841665
cvm	8400152	Chevremont	Chevremont	Chevremont	chevremont	stoptreinstation	50.87611	6.0597224
da	8400164	Daarlerveen	Daarlerveen	Daarlervn	daarlerveen	stoptreinstation	52.44077	6.5759945
db	8400182	Driebergen-Zeist	Driebergen-Zeist	Driebergen	driebergen-zeist	knooppuntstoptreinstation	52.065277	5.258611
ddn	8400169	Delden	Delden	Delden	delden	stoptreinstation	52.26	6.716111
ddr	8400180	Dordrecht	Dordrecht	Dordrecht	dordrecht	knooppuntintercitystation	51.80722	4.6683335
ddrs	8400186	Dordrecht Stadspolders	Stadspolders	Stadspldrs	dordrecht-stadspolders	stoptreinstation	51.801945	4.7166667
ddzd	8400181	Dordrecht Zuid	Dordrecht Zuid	Dordrcht Z	dordrecht-zuid	stoptreinstation	51.79	4.671389
dei	8400168	Deinum	Deinum	Deinum	deinum	stoptreinstation	53.188812	5.728157
did	8400174	Didam	Didam	Didam	didam	stoptreinstation	51.933502	6.1324105
dl	8400167	Dalfsen	Dalfsen	Dalfsen	dalfsen	sneltreinstation	52.498333	6.258611
dld	8400179	Den Dolder	Den Dolder	Den Dolder	den-dolder	knooppuntstoptreinstation	52.140278	5.242778
dln	8400161	Dalen	Dalen	Dalen	dalen	stoptreinstation	52.694168	6.7580557
dmn	8400165	Diemen	Diemen	Diemen	diemen	stoptreinstation	52.345833	4.9655557
dmnz	8400163	Diemen Zuid	Diemen Zuid	Diemen Z	diemen-zuid	stoptreinstation	52.330276	4.9558334
dn	8400172	Deurne	Deurne	Deurne	deurne	stoptreinstation	51.455833	5.788889
dr	8400176	Dieren	Dieren	Dieren	dieren	intercitystation	52045	6.1030555
drh	8400183	Driehuis	Driehuis	Driehuis	driehuis	stoptreinstation	52.4425	4.6380553
drp	8400192	Dronrijp	Dronrijp	Dronrijp	dronrijp	stoptreinstation	53.177807	5.6347413
dt	8400170	Delft	Delft	Delft	delft	knooppuntintercitystation	52.006668	4.356389
dtc	8400177	Doetinchem	Doetinchem	Doetinchem	doetinchem	knooppuntstoptreinstation	51.958595	6.2962146
dtch	8400184	Doetinchem De Huet	De Huet	De Huet	doetinchem-de-huet	stoptreinstation	51.95914	6.259852
dtz	8400166	Delft Zuid	Delft Zuid	Delft Z	delft-zuid	stoptreinstation	51.990833	4.3647223
dv	8400173	Deventer	Deventer	Deventer	deventer	knooppuntintercitystation	52.2575	6.1605554
dvc	8400185	Deventer Colmschate	Colmschate	Colmschate	deventer-colmschate	stoptreinstation	52.25028	6.2144446
dvd	8400194	Duivendrecht	Duivendrecht	Duivendt	duivendrecht	knooppuntstoptreinstation	52.323334	4.936389
dvn	8400193	Duiven	Duiven	Duiven	duiven	stoptreinstation	51.943333	6.0147223
dvnk	8400188	De Vink	De Vink	De Vink	de-vink	stoptreinstation	52.14722	4.456389
dz	8400171	Delfzijl	Delfzijl	Delfzijl	delfzijl	stoptreinstation	53.333664	6.92408
dzw	8400175	Delfzijl West	Delfzijl West	Delfzijl W	delfzijl-west	stoptreinstation	53.332085	6.906909
ec	8400195	Echt	Echt	Echt	echt	stoptreinstation	51.100555	5.878889
ed	8400200	Ede-Wageningen	Ede-Wageningen	Ede-Wag	ede-wageningen	knooppuntintercitystation	52.02778	5.6730556
edc	8400201	Ede Centrum	Ede C.	Ede C	ede-centrum	stoptreinstation	52.04361	5.6683335
edn	8400219	Eijsden	Eijsden	Eijsden	eijsden	stoptreinstation	50.771946	5.71
egh	8400338	Eygelshoven	Eygelshoven	Eygelshov	eygelshoven	stoptreinstation	50.890556	6045
eghm	8400234	Eygelshoven Markt	Eygelshoven Mrkt	Eygelsh M	eygelshoven-markt	stoptreinstation	50.89605	6.0602474
ehb	8400196	Eindhoven Beukenlaan	Beukenlaan	Beukenlaan	eindhoven-beukenlaan	stoptreinstation	51.45111	5.4558334
ehv	8400206	Eindhoven	Eindhoven	Eindhoven	eindhoven	knooppuntintercitystation	51.443333	5.481389
ekz	8400210	Enkhuizen	Enkhuizen	Enkhuizen	enkhuizen	stoptreinstation	52.699165	5.286389
eml	8400216	Ermelo	Ermelo	Ermelo	ermelo	stoptreinstation	52.301666	5.6147223
emn	8400208	Emmen	Emmen	Emmen	emmen	sneltreinstation	52.79	6.8994446
emnz	8400407	Emmen Zuid	Emmen Zuid	Emmen Z	emmen-zuid	sneltreinstation	52.748867	6.8747807
es	8400212	Enschede	Enschede	Enschede	enschede	knooppuntintercitystation	52.2225	6.89
esd	8400221	Enschede Drienerlo	Drienerlo	Drienerlo	enschede-drienerlo	stoptreinstation	52.2375	6.838889
ese	8400217	Enschede De Eschmarke	De Eschmarke	Eschmarke	enschede-de-eschmarke	stoptreinstation	52.22139	6.9511113
est	8400207	Elst	Elst	Elst	elst	knooppuntstoptreinstation	51.916943	5855
etn	8400218	Etten-Leur	Etten-Leur	Etten-Leur	etten-leur	intercitystation	51575	4.6358333
fn	8400232	Franeker	Franeker	Franeker	franeker	stoptreinstation	53.18245	5.5483093
gbg	8400259	Gramsbergen	Gramsbergen	Gramsbergn	gramsbergen	stoptreinstation	52.609165	6.675833
gbr	8400262	Glanerbrug	Glanerbrug	Glanerbrug	glanerbrug	stoptreinstation	52.218613	6.9744444
gd	8400258	Gouda	Gouda	Gouda	gouda	knooppuntintercitystation	52.0175	4.7044444
gdg	8400257	Gouda Goverwelle	Goverwelle	Goverwelle	gouda-goverwelle	stoptreinstation	52015	4.7408333
gdk	8400239	Geerdijk	Geerdijk	Geerdijk	geerdijk	stoptreinstation	52.47625	6.56674
gdm	8400244	Geldermalsen	Geldermalsen	G'malsen	geldermalsen	knooppuntstoptreinstation	51.88278	5.271111
gdr	8400241	Gaanderen	Gaanderen	Gaanderen	gaanderen	stoptreinstation	51.93074	6.3486
gerp	8400238	Groningen Europapark	Europapark	Europapark	groningen-europapark	stoptreinstation	53.20489	6.58519
gk	8400267	Grijpskerk	Grijpskerk	Grijpskerk	grijpskerk	stoptreinstation	53.25574	6.3097787
gln	8400246	Geleen Oost	Geleen Oost	Geleen O	geleen-oost	stoptreinstation	50.966946	5.8430557
gn	8400263	Groningen	Groningen	Groningen	groningen	knooppuntintercitystation	53.210556	6.564722
gnd	8400295	Hardinxveld-Giessendam	Hardinxveld-G.	Hardinxvld	hardinxveld-giessendam	stoptreinstation	51.830555	4.8358335
gnn	8400264	Groningen Noord	Groningen Noord	Groning N	groningen-noord	stoptreinstation	53.23015	6.5563173
go	8400254	Goor	Goor	Goor	goor	stoptreinstation	52.230278	6.5844445
gp	8400245	Geldrop	Geldrop	Geldrop	geldrop	stoptreinstation	51.419724	5.5505557
gr	8400256	Gorinchem	Gorinchem	Gorinchem	gorinchem	knooppuntstoptreinstation	51.83389	4.9683332
gs	8400253	Goes	Goes	Goes	goes	stoptreinstation	51.498055	3.8905556
gv	8400280	Den Haag HS	Den Haag HS	Dn Haag HS	den-haag-hs	knooppuntintercitystation	52.06972	4.3225
gvc	8400282	Den Haag Centraal	Den Haag C.	Den Haag C	den-haag-centraal	megastation	52.080276	4325
gvm	8400278	Den Haag Mariahoeve	Mariahoeve	Mariahoeve	den-haag-mariahoeve	stoptreinstation	52.090557	4.3694444
gvmw	8400279	Den Haag Moerwijk	Moerwijk	Moerwijk	den-haag-moerwijk	stoptreinstation	52.05389	4.308611
gw	8400266	Grou-Jirnsum	Grou-Jirnsum	Grou-Jirns	grou-jirnsum	stoptreinstation	53.08889	5.8225
gz	8400251	Gilze-Rijen	Gilze-Rijen	Gilze-Rij	gilze-rijen	stoptreinstation	51.58361	4.926111
had	8400302	Heemstede-Aerdenhout	Heemstede-A.	Heemstede	heemstede-aerdenhout	intercitystation	52.359165	4.6066666
hb	8400326	Hoensbroek	Hoensbroek	Hoensbroek	hoensbroek	stoptreinstation	50.905556	5.9305553
hd	8400294	Harderwijk	Harderwijk	Harderwijk	harderwijk	knooppuntstoptreinstation	52.3375	5.6197224
hdb	8400293	Hardenberg	Hardenberg	Hardenberg	hardenberg	sneltreinstation	52.572777	6.628611
hde	8400388	't Harde	't Harde	't Harde	t-harde	stoptreinstation	52.40917	5.893611
hdg	8400292	Hurdegaryp	Hurdegaryp	Hurdegaryp	hurdegaryp	stoptreinstation	53.218777	5.934543
hdr	8400311	Den Helder	Den Helder	Den Helder	den-helder	intercitystation	52.955276	4.7611113
hdrz	8400303	Den Helder Zuid	Den Helder Zuid	Dn Heldr Z	den-helder-zuid	stoptreinstation	52.9325	4.764167
hfd	8400332	Hoofddorp	Hoofddorp	Hoofddorp	hoofddorp	stoptreinstation	52.293335	4.7005553
hgl	8400316	Hengelo	Hengelo	Hengelo	hengelo	knooppuntintercitystation	52.261665	6.793889
hglo	8400312	Hengelo Oost	Hengelo Oost	Hengelo O	hengelo-oost	stoptreinstation	52.26889	6.8194447
hgv	8400330	Hoogeveen	Hoogeveen	Hoogeveen	hoogeveen	stoptreinstation	52.73389	6.473611
hgz	8400331	Hoogezand-Sappemeer	Hoogezand-Sap.	Hoogezand	hoogezand-sappemeer	knooppuntstoptreinstation	53.159817	6.770754
hil	8400329	Hillegom	Hillegom	Hillegom	hillegom	stoptreinstation	52.3025	4.5655556
hk	8400317	Heemskerk	Heemskerk	Heemskerk	heemskerk	stoptreinstation	52.495277	4.6869445
hks	8400334	Hoogkarspel	Hoogkarspel	Hoogkrspl	hoogkarspel	stoptreinstation	52.690556	5.183889
hld	8400325	Hoek van Holland Haven	Hoek v H. Haven	HvH Haven	hoek-van-holland-haven	knooppuntstoptreinstation	51.975277	4.128889
hlds	8400342	Hoek van Holland Strand	Hoek v H. Strand	HvH Strand	hoek-van-holland-strand	stoptreinstation	51.981667	4.1197224
hlg	8400296	Harlingen	Harlingen	Harlingen	harlingen	stoptreinstation	53.17042	5.4251933
hlgh	8400298	Harlingen Haven	Harlingen Haven	Harl Haven	harlingen-haven	stoptreinstation	53.174915	5.4112887
hlm	8400285	Haarlem	Haarlem	Haarlem	haarlem	knooppuntintercitystation	52.38778	4.6383333
hlms	8400270	Haarlem Spaarnwoude	Spaarnwoude	Spaarnwde	haarlem-spaarnwoude	stoptreinstation	52.38278	4.6730556
hlo	8400309	Heiloo	Heiloo	Heiloo	heiloo	stoptreinstation	52.599445	4.7005553
hm	8400313	Helmond	Helmond	Helmond	helmond	knooppuntintercitystation	51.475555	5.6619444
hmbh	8400299	Helmond Brouwhuis	Brouwhuis	Brouwhuis	helmond-brouwhuis	stoptreinstation	51.470276	5.7033334
hmbv	8400242	Helmond Brandevoort	Brandevoort	Brandevrt	helmond-brandevoort	stoptreinstation	51.462223	5.607222
hmh	8400300	Helmond 't Hout	t Hout	't Hout	helmond-t-hout	stoptreinstation	51.468056	5.6313887
hmn	8400315	Hemmen-Dodewaard	Hemmen-Dodewaard	Hemmen-D	hemmen-dodewaard	stoptreinstation	51.922215	5.6737256
hn	8400337	Hoorn	Hoorn	Hoorn	hoorn	knooppuntintercitystation	52.644722	5.0555553
hnk	8400336	Hoorn Kersenboogerd	Kersenboogerd	Hoorn Kers	hoorn-kersenboogerd	stoptreinstation	52.65361	5.0855556
hno	8400310	Heino	Heino	Heino	heino	stoptreinstation	52.427223	6.2211113
hnp	8400323	Hindeloopen	Hindeloopen	Hindeloopn	hindeloopen	stoptreinstation	52.94649	5.423063
hon	8400328	Holten	Holten	Holten	holten	stoptreinstation	52.28389	6.4202776
hor	8400327	Hollandsche Rading	Holl. Rading	Hol Rading	hollandsche-rading	stoptreinstation	52.177776	5.179167
hr	8400305	Heerenveen	Heerenveen	Heerenveen	heerenveen	intercitystation	52.961388	5.9141665
hrl	8400307	Heerlen	Heerlen	Heerlen	heerlen	knooppuntintercitystation	50.890835	5975
hrlw	8400404	Heerlen Woonboulevard	Hrl Woonblvd	Heerlen W	heerlen-woonboulevard	stoptreinstation	50.896667	5.952222
hrlk	8400409	Heerlen De Kissel	Hrl De Kissel	De Kissel	heerlen-de-kissel	stoptreinstation	50.890167	5.9933424
hrn	8400297	Haren	Haren	Haren	haren	stoptreinstation	53.17611	6.6172223
hrt	8400339	Horst-Sevenum	Horst-Sevenum	Horst-Sev	horst-sevenum	stoptreinstation	51.426388	6.042222
ht	8400319	's-Hertogenbosch	's-Hertogenbosch	H'bosch	s-hertogenbosch	knooppuntintercitystation	51.69048	5.29362
htn	8400340	Houten	Houten	Houten	houten	stoptreinstation	52035	5.1675
htnc	8400335	Houten Castellum	Castellum	Houten C	houten-castellum	stoptreinstation	52.01724	5.179281
hto	8400320	's-Hertogenbosch Oost	Hertogenbosch O.	H'bosch O	s-hertogenbosch-oost	stoptreinstation	51.700554	5.318333
hvs	8400322	Hilversum	Hilversum	Hilversum	hilversum	knooppuntintercitystation	52.225834	5.1819444
hvsp	8400570	Hilversum Sportpark	Sportpark	Sportpark	hilversum-sportpark	stoptreinstation	52.21611	5.187222
hwd	8400306	Heerhugowaard	Heerhugowaard	Heerhugow	heerhugowaard	knooppuntstoptreinstation	52.669724	4.8227777
hze	8400308	Heeze	Heeze	Heeze	heeze	stoptreinstation	51385	5.5694447
ijt	8400722	IJlst	IJlst	IJlst	ijlst	stoptreinstation	53.01466	5.6160803
kbd	8400367	Krabbendijke	Krabbendijke	Krabbendke	krabbendijke	stoptreinstation	51.433334	4.1169443
kbk	8400361	Klarenbeek	Klarenbeek	Klarenbk	klarenbeek	stoptreinstation	52.178055	6.083611
kbw	8400363	Koog Bloemwijk	Koog Bloemwijk	Koog Bloem	koog-bloemwijk	stoptreinstation	52.45861	4.8055553
klp	8400637	Veenendaal-De Klomp	De Klomp	De Klomp	veenendaal-de-klomp	stoptreinstation	52.045834	5.573889
kma	8400368	Krommenie-Assendelft	Krommenie-Ass.	Krommenie	krommenie-assendelft	stoptreinstation	52.49454	4.761243
kmr	8400362	Klimmen-Ransdaal	Klimmen-Ransdaal	Klimmen-R	klimmen-ransdaal	stoptreinstation	50.86639	5.8905554
kmw	8400366	Koudum-Molkwerum	Koudum-Molkwerum	Koudum-M	koudum-molkwerum	stoptreinstation	52.90282	5.4106913
kpn	8400353	Kampen	Kampen	Kampen	kampen	stoptreinstation	52.559723	5.9216666
krd	8400355	Kerkrade Centrum	Kerkrade C.	Kerkrade	kerkrade-centrum	knooppuntstoptreinstation	50.861668	6.0575
krg	8400370	Kruiningen-Yerseke	Kruiningen-Y.	Kruiningen	kruiningen-yerseke	stoptreinstation	51465	4.0372224
ktr	8400359	Kesteren	Kesteren	Kesteren	kesteren	stoptreinstation	51.931385	5.5833464
kw	8400369	Kropswolde	Kropswolde	Kropswolde	kropswolde	stoptreinstation	53.161736	6.7220883
kzd	8400364	Koog-Zaandijk	Koog-Zaandijk	Koog Zaand	koog-zaandijk	stoptreinstation	52.469166	4805
laa	8400380	Den Haag Laan v NOI	Laan v NOI	Laan v NOI	den-haag-laan-v-noi	intercitystation	52.07861	4.3427777
lc	8400399	Lochem	Lochem	Lochem	lochem	stoptreinstation	52.166668	6.4263887
ldl	8400384	Leiden Lammenschans	Lammenschans	Leiden Lam	leiden-lammenschans	stoptreinstation	52.146946	4.4925
ldm	8400386	Leerdam	Leerdam	Leerdam	leerdam	stoptreinstation	51.894722	5.0913887
ledn	8400390	Leiden Centraal	Leiden C.	Leiden C	leiden-centraal	knooppuntintercitystation	52.16611	4.4816666
lg	8400548	Landgraaf	Landgraaf	Landgraaf	landgraaf	knooppuntstoptreinstation	50.89639	6.0191665
lls	8400394	Lelystad Centrum	Lelystad C.	Lelystad	lelystad-centrum	knooppuntintercitystation	52.50778	5.472778
lp	8400403	Loppersum	Loppersum	Loppersum	loppersum	stoptreinstation	53.334713	6.7472625
ltn	8400405	Lunteren	Lunteren	Lunteren	lunteren	stoptreinstation	52.085278	5.6244445
ltv	8400395	Lichtenvoorde-Groenlo	Lichtenvoorde-G.	Lichtenv-G	lichtenvoorde-groenlo	stoptreinstation	52.01188	6.59641
lut	8400248	Geleen-Lutterade	Geleen-Lutterade	Geleen-Lut	geleen-lutterade	stoptreinstation	50.975555	5.8247223
lw	8400387	Leeuwarden	Leeuwarden	Leeuwarden	leeuwarden	knooppuntintercitystation	53.195835	5.792222
lwc	8400389	Leeuwarden Camminghaburen	Camminghaburen	Camminghab	leeuwarden-camminghaburen	stoptreinstation	53.20218	5.8422966
mas	8400419	Maarssen	Maarssen	Maarssen	maarssen	stoptreinstation	52.135277	5.0336113
mdb	8400436	Middelburg	Middelburg	Middelburg	middelburg	stoptreinstation	51.49472	3.6172223
mes	8400434	Meerssen	Meerssen	Meerssen	meerssen	sneltreinstation	50.88288	5.7509995
mg	8400427	Mantgum	Mantgum	Mantgum	mantgum	stoptreinstation	53.12964	5.7131996
mmlh	8400446	Mook Molenhoek	Molenhoek	Mook Molen	mook-molenhoek	stoptreinstation	51.756943	5.872778
mp	8400435	Meppel	Meppel	Meppel	meppel	knooppuntstoptreinstation	52.690834	6.1975
mrb	8400428	Mariënberg	Mariënberg	Mariënberg	marienberg	knooppuntsneltreinstation	52.509445	6.575278
mrn	8400417	Maarn	Maarn	Maarn	maarn	knooppuntstoptreinstation	52.064167	5.37
mss	8400422	Maassluis	Maassluis	Maassluis	maassluis	knooppuntstoptreinstation	51.91611	4.254722
msw	8400421	Maassluis West	Maassluis West	Maassl W	maassluis-west	stoptreinstation	51.925835	4.236111
mt	8400424	Maastricht	Maastricht	Maastricht	maastricht	knooppuntintercitystation	50.850277	5.7055554
mth	8400430	Martenshoek	Martenshoek	Martensh	martenshoek	stoptreinstation	53.160725	6.7402987
mtr	8400426	Maastricht Randwyck	Maastricht Randw	Maastr Rw	maastricht-randwyck	stoptreinstation	50.83861	5.717222
mz	8400432	Maarheeze	Maarheeze	Maarheeze	maarheeze	stoptreinstation	51.30376	5.630343
na	8400454	Nieuw Amsterdam	Nieuw Amsterdam	Nw A'dam	nieuw-amsterdam	sneltreinstation	52.718613	6.848611
ndb	8400452	Naarden-Bussum	Naarden-Bussum	Naarden-B	naarden-bussum	knooppuntstoptreinstation	52.280277	5.1569443
nh	8400467	Nuth	Nuth	Nuth	nuth	stoptreinstation	50.919445	5.892778
nkk	8400469	Nijkerk	Nijkerk	Nijkerk	nijkerk	stoptreinstation	52.22222	5.493889
nm	8400470	Nijmegen	Nijmegen	Nijmegen	nijmegen	knooppuntintercitystation	51.843613	5.8522224
nmd	8400475	Nijmegen Dukenburg	Nm Dukenburg	Dukenburg	nijmegen-dukenburg	stoptreinstation	51.824165	5.7955556
nmh	8400468	Nijmegen Heyendaal	Nm Heyendaal	Heyendaal	nijmegen-heyendaal	stoptreinstation	51.826946	5.8675
nml	8400451	Nijmegen Lent	Lent	Lent	nijmegen-lent	stoptreinstation	51.8642	5.8595
ns	8400466	Nunspeet	Nunspeet	Nunspeet	nunspeet	stoptreinstation	52.370834	5.785278
nsch	8400457	Bad Nieuweschans	Bad Nieuweschans	Nweschans	bad-nieuweschans	knooppuntstoptreinstation	53.1844	7.19937
nvd	8400472	Nijverdal	Nijverdal	Nijverdal	nijverdal	stoptreinstation	52.36555	6.471111
nvp	8400460	Nieuw Vennep	Nieuw Vennep	Nw Vennep	nieuw-vennep	stoptreinstation	52.25889	4.6455555
nwk	8400455	Nieuwerkerk a/d IJssel	Nieuwerkerk	Nieuwerkrk	nieuwerkerk-a-d-ijssel	stoptreinstation	51.96528	4.6169443
nwl	8400563	Schiedam Nieuwland	Nieuwland	Nieuwland	schiedam-nieuwland	stoptreinstation	51.922222	4.382222
o	8400495	Oss	Oss	Oss	oss	knooppuntintercitystation	51.765556	5.5322223
obd	8400480	Obdam	Obdam	Obdam	obdam	stoptreinstation	52.678055	4.9072223
odb	8400498	Oudenbosch	Oudenbosch	Oudenbosch	oudenbosch	stoptreinstation	51.587776	4.5333333
odz	8400483	Oldenzaal	Oldenzaal	Oldenzaal	oldenzaal	stoptreinstation	52.30639	6.9347224
omn	8400487	Ommen	Ommen	Ommen	ommen	knooppuntsneltreinstation	52.509445	6.4158335
op	8400494	Opheusden	Opheusden	Opheusden	opheusden	stoptreinstation	51.926163	5.6371145
ost	8400486	Olst	Olst	Olst	olst	stoptreinstation	52.33472	6.1130557
ot	8400482	Oisterwijk	Oisterwijk	Oisterwijk	oisterwijk	stoptreinstation	51.582222	5.1941667
otb	8400489	Oosterbeek	Oosterbeek	Oosterbeek	oosterbeek	stoptreinstation	51995	5.84
ovn	8400501	Overveen	Overveen	Overveen	overveen	stoptreinstation	52.39111	4.606111
ow	8400496	Oss West	Oss West	Oss W	oss-west	stoptreinstation	51.758057	5.5055556
pmo	8400506	Purmerend Overwhere	Overwhere	Overwhere	purmerend-overwhere	stoptreinstation	52.51139	4.9683332
pmr	8400508	Purmerend	Purmerend	Purmerend	purmerend	knooppuntstoptreinstation	52.503056	4.953611
pmw	8400499	Purmerend Weidevenne	Weidevenne	Weidevenne	purmerend-weidevenne	stoptreinstation	52.49659	4.9356294
pt	8400509	Putten	Putten	Putten	putten	stoptreinstation	52265	5.575278
rai	8400056	Amsterdam RAI	RAI	A'dam RAI	amsterdam-rai	stoptreinstation	52.337223	4.890278
rat	8400513	Raalte	Raalte	Raalte	raalte	stoptreinstation	52.391666	6.2775
rb	8400521	Rilland-Bath	Rilland-Bath	Rilland-B	rilland-bath	stoptreinstation	51.42278	4.161111
rd	8400525	Roodeschool	Roodeschool	Roodesch	roodeschool	stoptreinstation	53.419212	6.760617
rh	8400519	Rheden	Rheden	Rheden	rheden	stoptreinstation	52.01	6.0305557
rhn	8400517	Rhenen	Rhenen	Rhenen	rhenen	knooppuntstoptreinstation	51.95861	5.5783334
rl	8400537	Ruurlo	Ruurlo	Ruurlo	ruurlo	stoptreinstation	52.08109	6.4492655
rlb	8400542	Rotterdam Lombardijen	Lombardijen	Lombardije	rotterdam-lombardijen	stoptreinstation	51.88	4.5313888
rm	8400523	Roermond	Roermond	Roermond	roermond	knooppuntintercitystation	51.193054	5.994167
rs	8400524	Rosmalen	Rosmalen	Rosmalen	rosmalen	stoptreinstation	51.71472	5.3680553
rsd	8400526	Roosendaal	Roosendaal	Roosendaal	roosendaal	knooppuntintercitystation	51.54028	4.4583335
rsn	8400538	Rijssen	Rijssen	Rijssen	rijssen	stoptreinstation	52.31222	6.520278
rsw	8400505	Rijswijk	Rijswijk	Rijswijk	rijswijk	stoptreinstation	52.039722	4.3191667
rta	8400507	Rotterdam Alexander	Alexander	Alexander	rotterdam-alexander	intercitystation	51.951946	4.5536113
rtb	8400529	Rotterdam Blaak	Blaak	Blaak	rotterdam-blaak	intercitystation	51.920277	4.4888887
rtd	8400530	Rotterdam Centraal	Rotterdam C.	R'dam C	rotterdam-centraal	megastation	51925	4.4688888
rtn	8400531	Rotterdam Noord	Rotterdam Noord	R'dam N	rotterdam-noord	stoptreinstation	51.942223	4.4816666
rtst	8400534	Rotterdam Stadion	R'dam Stadion	R'dam Sta	rotterdam-stadion	facultatiefstation	51.89389	4.519722
rtz	8400533	Rotterdam Zuid	Rotterdam Zuid	R'dam Z	rotterdam-zuid	stoptreinstation	51.904446	4.5102777
rv	8400518	Reuver	Reuver	Reuver	reuver	stoptreinstation	51.28322	6.0789585
rvs	8400515	Ravenstein	Ravenstein	Ravenstein	ravenstein	stoptreinstation	51.794167	5.6358333
sbk	8400572	Spaubeek	Spaubeek	Spaubeek	spaubeek	stoptreinstation	50.943054	5.8516665
sd	8400569	Soestdijk	Soestdijk	Soestdijk	soestdijk	stoptreinstation	52.183613	5.3
sda	8400551	Scheemda	Scheemda	Scheemda	scheemda	stoptreinstation	53.165535	6.9777775
sdm	8400553	Schiedam Centrum	Schiedam C.	Schiedam C	schiedam-centrum	intercitystation	51.921246	4.4089937
sdt	8400565	Sliedrecht	Sliedrecht	Sliedrecht	sliedrecht	stoptreinstation	51.829723	4.778333
sgl	8400341	Houthem-St Gerlach	Houthem-St Gerl.	Houthem-St	houthem-st-gerlach	stoptreinstation	50.873333	5.797222
sgn	8400549	Schagen	Schagen	Schagen	schagen	stoptreinstation	52.784443	4.805278
shl	8400561	Schiphol	Schiphol	Schiphol	schiphol	megastation	52.309444	4.7619443
sk	8400566	Sneek	Sneek	Sneek	sneek	knooppuntstoptreinstation	53.032867	5.6523967
sknd	8400574	Sneek Noord	Sneek Noord	Sneek N	sneek-noord	stoptreinstation	53.04093	5.663181
sm	8400583	Swalmen	Swalmen	Swalmen	swalmen	stoptreinstation	51.23582	6.03228
sn	8400554	Schinnen	Schinnen	Schinnen	schinnen	stoptreinstation	50.939167	5.8744445
sog	8400555	Schin op Geul	Schin op Geul	Schin op G	schin-op-geul	stoptreinstation	50.856388	5.8722224
spm	8400545	Sappemeer Oost	Sappemeer Oost	Sappemr O	sappemeer-oost	stoptreinstation	53.158916	6.7955647
sptn	8400543	Santpoort Noord	Santpoort Noord	Santprt N	santpoort-noord	stoptreinstation	52.433887	4.6325
sptz	8400544	Santpoort Zuid	Santpoort Zuid	Santprt Z	santpoort-zuid	stoptreinstation	52.419724	4.6313887
srn	8400582	Susteren	Susteren	Susteren	susteren	stoptreinstation	51.06139	5.8630557
st	8400567	Soest	Soest	Soest	soest	knooppuntstoptreinstation	52.173332	5.31
std	8400564	Sittard	Sittard	Sittard	sittard	knooppuntintercitystation	51.001667	5.858611
stm	8400576	Stedum	Stedum	Stedum	stedum	stoptreinstation	53.32621	6.6875553
stv	8400575	Stavoren	Stavoren	Stavoren	stavoren	stoptreinstation	52.886555	5.360021
stz	8400571	Soest Zuid	Soest Zuid	Soest Z	soest-zuid	stoptreinstation	52.16528	5.303056
swd	8400547	Sauwerd	Sauwerd	Sauwerd	sauwerd	stoptreinstation	53.29113	6.5404
swk	8400578	Steenwijk	Steenwijk	Steenwijk	steenwijk	intercitystation	52.79151	6.114556
tb	8400597	Tilburg	Tilburg	Tilburg	tilburg	knooppuntintercitystation	51.560555	5.083611
tbg	8400592	Terborg	Terborg	Terborg	terborg	stoptreinstation	51.922455	6.3642464
tbr	8400598	Tilburg Reeshof	Reeshof	Reeshof	tilburg-reeshof	stoptreinstation	51.573612	4.9944444
tbu	8400594	Tilburg Universiteit	Tilburg Univers.	Tilburg U	tilburg-universiteit	stoptreinstation	51565	5.051111
tg	8400591	Tegelen	Tegelen	Tegelen	tegelen	stoptreinstation	51.33894	6.14253
tl	8400596	Tiel	Tiel	Tiel	tiel	knooppuntstoptreinstation	51.889446	5.422222
tpsw	8400600	Tiel Passewaaij	Passewaaij	Passewaaij	tiel-passewaaij	stoptreinstation	51.87389	5.3922224
twl	8400599	Twello	Twello	Twello	twello	stoptreinstation	52.237778	6.098611
uhm	8400618	Uithuizermeeden	Uithuizermeeden	Uithuizerm	uithuizermeeden	stoptreinstation	53.414585	6.7202973
uhz	8400617	Uithuizen	Uithuizen	Uithuizen	uithuizen	stoptreinstation	53.409958	6.6748867
ust	8400619	Usquert	Usquert	Usquert	usquert	stoptreinstation	53.401474	6.6093774
ut	8400621	Utrecht Centraal	Utrecht C.	Utrecht C	utrecht-centraal	megastation	52.08889	5.1102777
utg	8400615	Uitgeest	Uitgeest	Uitgeest	uitgeest	knooppuntstoptreinstation	52.521667	4.701667
utl	8400623	Utrecht Lunetten	Lunetten	Lunetten	utrecht-lunetten	stoptreinstation	52.065556	5.1441665
utm	8400624	Utrecht Maliebaan	Maliebaan	Maliebaan	utrecht-maliebaan	stoptreinstation	52.087776	5.1313887
uto	8400620	Utrecht Overvecht	Overvecht	Overvecht	utrecht-overvecht	knooppuntstoptreinstation	52.11	5.124722
utt	8400614	Utrecht Terwijde	Terwijde	Terwijde	utrecht-terwijde	stoptreinstation	52.100555	5.0416665
utzl	8400613	Utrecht Zuilen	Zuilen	Zuilen	utrecht-zuilen	stoptreinstation	52.103054	5.09
vb	8400658	Voorburg	Voorburg	Voorburg	voorburg	stoptreinstation	52.066666	4.3594446
vd	8400661	Vorden	Vorden	Vorden	vorden	stoptreinstation	52.107193	6.3170457
vdg	8400650	Vlaardingen Centrum	Vlaardingen C.	Vlaard C	vlaardingen-centrum	knooppuntstoptreinstation	51.903057	4.3441668
vdl	8400656	Voerendaal	Voerendaal	Voerendaal	voerendaal	stoptreinstation	50.887222	5.930278
vdo	8400649	Vlaardingen Oost	Vlaardingen Oost	Vlaard O	vlaardingen-oost	stoptreinstation	51.91028	4.3616667
vdw	8400642	Vlaardingen West	Vlaardingen West	Vlaard W	vlaardingen-west	stoptreinstation	51.904167	4.3130555
vem	8400668	Voorst-Empe	Voorst-Empe	Voorst-E	voorst-empe	stoptreinstation	52.1575	6.143611
vg	8400667	Vught	Vught	Vught	vught	stoptreinstation	51.655556	5.2919445
vh	8400655	Voorhout	Voorhout	Voorhout	voorhout	stoptreinstation	52.224445	4.4844446
vhp	8400666	Vroomshoop	Vroomshoop	Vroomshoop	vroomshoop	stoptreinstation	52.45719	6.569668
vk	8400632	Valkenburg	Valkenburg	Valkenburg	valkenburg	knooppuntsneltreinstation	50.86972	5.832222
vl	8400644	Venlo	Venlo	Venlo	venlo	knooppuntintercitystation	51.36361	6.1727777
vlb	8400647	Vierlingsbeek	Vierlingsbeek	Vierlingsb	vierlingsbeek	stoptreinstation	51.59193	5.99714
vndc	8400627	Veenendaal Centrum	Veenendaal C.	Veenendl C	veenendaal-centrum	knooppuntstoptreinstation	52.02	5.548611
vndw	8400628	Veenendaal West	Veenendaal West	Veenendl W	veenendaal-west	stoptreinstation	52.028057	5.5313888
vp	8400640	Velp	Velp	Velp	velp	stoptreinstation	51.99472	5.980278
vry	8400646	Venray	Venray	Venray	venray	knooppuntstoptreinstation	51.52657	6.014178
vs	8400652	Vlissingen	Vlissingen	Vlissingen	vlissingen	knooppuntintercitystation	51.445835	3.5952778
vss	8400653	Vlissingen Souburg	Souburg	Souburg	vlissingen-souburg	stoptreinstation	51.46472	3.5952778
vst	8400659	Voorschoten	Voorschoten	Voorschtn	voorschoten	stoptreinstation	52.12528	4.4325
vsv	8400635	Varsseveld	Varsseveld	Varsseveld	varsseveld	stoptreinstation	51.937256	6.458839
vtn	8400651	Vleuten	Vleuten	Vleuten	vleuten	stoptreinstation	52.103054	5.0108333
vwd	8400638	Veenwouden	Veenwouden	Veenwouden	veenwouden	stoptreinstation	53.235184	5.9886613
vz	8400664	Vriezenveen	Vriezenveen	Vriezenvn	vriezenveen	stoptreinstation	52.40203	6.60041
wad	8400675	Waddinxveen	Waddinxveen	Waddinxv	waddinxveen	stoptreinstation	52.044167	4.649722
wadn	8400674	Waddinxveen Noord	Waddinxveen N.	Waddinxv N	waddinxveen-noord	stoptreinstation	52055	4.6483335
wc	8400710	Wijchen	Wijchen	Wijchen	wijchen	stoptreinstation	51.81167	5.7308335
wd	8400702	Woerden	Woerden	Woerden	woerden	knooppuntstoptreinstation	52085	4.893611
wdn	8400691	Wierden	Wierden	Wierden	wierden	knooppuntstoptreinstation	52.36139	6.5916667
wf	8400704	Wolfheze	Wolfheze	Wolfheze	wolfheze	stoptreinstation	52.005554	5.793611
wfm	8400679	Warffum	Warffum	Warffum	warffum	stoptreinstation	53.390842	6.5671363
wh	8400711	Wijhe	Wijhe	Wijhe	wijhe	stoptreinstation	52.390278	6.1405554
wk	8400706	Workum	Workum	Workum	workum	stoptreinstation	52.972485	5.4564285
wl	8400686	Wehl	Wehl	Wehl	wehl	stoptreinstation	51.957806	6.213844
wm	8400707	Wormerveer	Wormerveer	Wormerveer	wormerveer	stoptreinstation	52.489166	4.792222
wp	8400685	Weesp	Weesp	Weesp	weesp	knooppuntstoptreinstation	52.31278	5.0430555
ws	8400696	Winschoten	Winschoten	Winschoten	winschoten	knooppuntstoptreinstation	53.139236	7.035101
wsm	8400697	Winsum	Winsum	Winsum	winsum	stoptreinstation	53.3301	6.5202904
wt	8400684	Weert	Weert	Weert	weert	intercitystation	51.24861	5.703611
wv	8400705	Wolvega	Wolvega	Wolvega	wolvega	stoptreinstation	52.880833	6.003611
ww	8400698	Winterswijk	Winterswijk	Winterswk	winterswijk	knooppuntstoptreinstation	51.96773	6.715518
www	8400700	Winterswijk West	Winterswijk West	Wintersw W	winterswijk-west	stoptreinstation	51.97453	6.70417
wz	8400690	Wezep	Wezep	Wezep	wezep	stoptreinstation	52.454166	6.0025
ypb	8400379	Den Haag Ypenburg	Ypenburg	Ypenburg	den-haag-ypenburg	stoptreinstation	52.05528	4.3922224
za	8400734	Zetten-Andelst	Zetten-Andelst	Zetten-A	zetten-andelst	stoptreinstation	51.920055	5.722841
zb	8400742	Zuidbroek	Zuidbroek	Zuidbroek	zuidbroek	knooppuntstoptreinstation	53.15961	6.867914
zbm	8400732	Zaltbommel	Zaltbommel	Zaltbommel	zaltbommel	stoptreinstation	51.808887	5.2633333
zd	8400731	Zaandam	Zaandam	Zaandam	zaandam	knooppuntintercitystation	52.43889	4.813611
zdk	8400728	Zaandam Kogerveld	Kogerveld	Kogerveld	zaandam-kogerveld	stoptreinstation	52.456665	4.8202777
zh	8400743	Zuidhorn	Zuidhorn	Zuidhorn	zuidhorn	stoptreinstation	53.24863	6.406236
zl	8400747	Zwolle	Zwolle	Zwolle	zwolle	knooppuntintercitystation	52.504723	6.091944
zlw	8400382	Lage Zwaluwe	Lage Zwaluwe	Lage Zwalu	lage-zwaluwe	knooppuntstoptreinstation	51.691113	4.6630554
zp	8400744	Zutphen	Zutphen	Zutphen	zutphen	knooppuntintercitystation	52.14528	6.1941667
ztm	8400741	Zoetermeer	Zoetermeer	Zoetermeer	zoetermeer	knooppuntstoptreinstation	52.0475	4.4772224
ztmo	8400740	Zoetermeer Oost	Zoetermeer Oost	Z'meer O	zoetermeer-oost	stoptreinstation	52.04639	4.492778
zv	8400735	Zevenaar	Zevenaar	Zevenaar	zevenaar	knooppuntstoptreinstation	51.923054	6.071944
zvb	8400737	Zevenbergen	Zevenbergen	Zevenbergn	zevenbergen	stoptreinstation	51.64042	4.60904
zvt	8400733	Zandvoort aan Zee	Zandvoort a Zee	Zandvoort	zandvoort-aan-zee	stoptreinstation	52.37528	4.532778
zwd	8400752	Zwijndrecht	Zwijndrecht	Zwijndrcht	zwijndrecht	stoptreinstation	51815	4.641667
zww	8400745	Zwaagwesteinde	Zwaagwesteinde	Zwaagwest	zwaagwesteinde	stoptreinstation	53.24817	6.03463
vdm	8400636	Veendam	Veendam	Veendam	veendam	knooppuntstoptreinstation	53.10324	6.88475
ssh	8400603	Sassenheim	Sassenheim	Sassenheim	sassenheim	stoptreinstation	52.21528	4.517222
wtv	8400688	Westervoort	Westervoort	Westervrt	westervoort	stoptreinstation	51.96286	5.9695
bhdv	8400236	Boven-Hardinxveld	Boven-Hardinxv.	Boven-H.	boven-hardinxveld	stoptreinstation	51.832222	4.878056
sdtb	8400497	Sliedrecht Baanhoek	Baanhoek	Baanhoek	sliedrecht-baanhoek	stoptreinstation	51.829723	4.743333
hry	8400301	Heerenveen IJsstadion	IJsstadion	H'veen IJs	heerenveen-ijsstadion	facultatiefstation	52.935276	5.9438887
krw	8400573	Kerkrade West	Kerkrade West	Kerkrade W	kerkrade-west	facultatiefstation	50.85355	6.02578
olv	8400997	Onze Lieve Vrouwe t. Nood	OLV. ter Nood	Lieve Vrou	onze-lieve-vrouwe-t-nood	facultatiefstation	52.583332	4.686667
spv	8400559	Simpelveld	Simpelveld	Simpelveld	simpelveld	facultatiefstation	50.831474	5.979738
ampo	8400450	Almere Poort	Poort	Almere P	almere-poort	stoptreinstation	52.342777	5.151944
dron	8400198	Dronten	Dronten	Dronten	dronten	stoptreinstation	52.5344	5.72089
hwzb	8400400	Halfweg-Zwanenburg	Halfweg-Zwanenb.	Halfweg-Zw	halfweg-zwanenburg	stoptreinstation	52.384724	4.751667
hbzm	8400438	Hardinxveld Blauwe Zoom	Blauwe Zoom	Blauwe Z	hardinxveld-blauwe-zoom	stoptreinstation	51.82944	4.81556
hglg	8400433	Hengelo Gezondheidspark	Gezondheidspark	Hengelo G	hengelo-gezondheidspark	stoptreinstation	52.261665	6.773611
hvl	8400490	Hoevelaken	Hoevelaken	Hoevelaken	hoevelaken	stoptreinstation	52.16652	5.45718
kpnz	8400360	Kampen Zuid	Kampen Zuid	Kampen Z	kampen-zuid	stoptreinstation	52.5331	5.91309
sph	8400670	Spekholzerheide	Spekholzerheide	Spekholzer	spekholzerheide	facultatiefstation	50.85355	6.02578
wij	8400712	Gulpen-Wijlre	Gulpen-Wijlre	Gulpen-W	gulpen-wijlre	facultatiefstation	50.833057	5.898056
wtm	8400608	Eijs-Wittem	Eijs-Wittem	Eijs-Witt	eijs-wittem	facultatiefstation	50.82317	5.92479
adh	8400406	Leeuwarden Achter d Hoven	Achter de Hoven	Achter d.H	leeuwarden-achter-d-hoven	facultatiefstation	53.19889	5.81639
utlr	8400607	Utrecht Leidsche Rijn	Leidsche Rijn	Leidsche R	utrecht-leidsche-rijn	stoptreinstation	52.09896	5.06523
hvsm	8400324	Hilversum Media Park	H'sum Media Park	Media Park	hilversum-media-park	stoptreinstation	52.238056	5.1738887
mtn	8400449	Maastricht Noord	Maastricht Noord	Maastr N	maastricht-noord	stoptreinstation	50.87087	5.71774
